id,revenue
3001,3243333.7
3002,3829941.3
3003,20897371.4
3004,19399425.3
3005,15510248.3
3006,14929754.9
3007,1316276.4
3008,108383511.5
3009,38169597.8
3010,335749928.1
3011,1517094.7
3012,4923348.9
3013,29712498.3
3014,4008556.7
3015,30901617.6
3016,18903093.7
3017,61735159.8
3018,191037599.0
3019,10498523.7
3020,1030729269.5
3021,123762177.7
3022,73434531.1
3023,883561.9
3024,48896732.4
3025,5155981.6
3026,153860623.9
3027,9398991.0
3028,193121473.8
3029,1875280.2
3030,48989967.2
3031,20055824.1
3032,3576307.6
3033,3599335.9
3034,236314.2
3035,44500874.4
3036,41997561.9
3037,86399537.6
3038,47747359.0
3039,33286477.5
3040,872533.6
3041,29901531.3
3042,1459312.1
3043,30454470.1
3044,11258999.4
3045,313818943.4
3046,23039843.1
3047,594062.2
3048,31632397.0
3049,47421406.5
3050,51859217.9
3051,3466294.8
3052,53233777.2
3053,136850.4
3054,13000000.0
3055,78386870.8
3056,2401925.5
3057,94805344.1
3058,463109339.8
3059,6444687.4
3060,45982769.4
3061,63769737.5
3062,64358059.3
3063,52611512.5
3064,88092734.3
3065,20781421.9
3066,139325598.0
3067,7430423.0
3068,65321778.6
3069,298579793.6
3070,6233558.1
3071,17288082.3
3072,674339721.9
3073,8277580.4
3074,446455.8
3075,43372465.0
3076,181441203.1
3077,52389907.1
3078,59811800.7
3079,56028311.5
3080,132529430.4
3081,3758359.2
3082,5512962.4
3083,12636376.1
3084,607302.1
3085,23523376.2
3086,60687326.8
3087,6688731.1
3088,5641707.3
3089,568497.8
3090,71134590.6
3091,75508039.7
3092,29855448.8
3093,402867066.9
3094,134680001.0
3095,36472170.8
3096,1481748.5
3097,1210836038.6
3098,14846768.3
3099,51106455.2
3100,13734985.8
3101,8022061.0
3102,3154387.3
3103,1404366.2
3104,314913.2
3105,122500033.0
3106,51427734.5
3107,47181545.4
3108,22733115.9
3109,19967067.2
3110,512060182.8
3111,4005636.4
3112,10538443.8
3113,19773165.0
3114,48556175.5
3115,60988360.1
3116,10276762.8
3117,9489022.8
3118,16902226.1
3119,200562297.7
3120,283314497.9
3121,6671639.0
3122,27412000.1
3123,50068611.6
3124,24175833.4
3125,100568.8
3126,49664098.1
3127,4580353.6
3128,44334444.1
3129,213557180.1
3130,21193159.8
3131,2442084.1
3132,13399562.1
3133,8438144.8
3134,40163970.4
3135,1459312.1
3136,8041939.6
3137,150512227.6
3138,652585.3
3139,37066907.8
3140,66965127.5
3141,16546723.0
3142,2283243.0
3143,153106927.8
3144,48012205.4
3145,58879984.1
3146,11209381.6
3147,21652531.0
3148,4142294.0
3149,32657761.3
3150,90565307.6
3151,19305911.3
3152,58947763.8
3153,13319121.6
3154,50932318.9
3155,69685520.5
3156,10018214.8
3157,19518237.3
3158,63918076.1
3159,13399193.9
3160,4670843.7
3161,4329584.3
3162,37533446.5
3163,34752619.7
3164,9452784.9
3165,6766554.2
3166,2143820.3
3167,128210219.0
3168,3530479.6
3169,44533384.0
3170,17850358.6
3171,1418308.7
3172,49123246.4
3173,2971581.8
3174,9573799.0
3175,34089217.3
3176,20086123.3
3177,65930180.4
3178,6765246.7
3179,15107511.2
3180,9060711.0
3181,2877098.9
3182,330847594.2
3183,20323397.8
3184,40718991.1
3185,33111762.2
3186,72248125.2
3187,31696857.1
3188,20384848.7
3189,152285456.2
3190,3455144.6
3191,27068899.3
3192,7298327.1
3193,308489290.7
3194,103497756.9
3195,601489.0
3196,34816279.9
3197,15576615.1
3198,82966896.9
3199,218000816.6
3200,11879277.7
3201,5698300.5
3202,32324069.7
3203,1833216.9
3204,5826030.0
3205,16467955.7
3206,42325353.0
3207,68641678.4
3208,27199859.8
3209,8806119.7
3210,324361314.9
3211,2009768.9
3212,60639544.1
3213,224338851.2
3214,23540277.6
3215,12382588.7
3216,22861402.5
3217,251407470.4
3218,19150854.8
3219,14019683.1
3220,292894287.0
3221,8281731.4
3222,1177899.4
3223,44524774.0
3224,1367384.1
3225,18592385.6
3226,22780120.9
3227,103547263.8
3228,140834396.4
3229,199180767.1
3230,51013517.5
3231,35132433.4
3232,51075209.0
3233,54127713.9
3234,7318394.7
3235,53277402.4
3236,1285316.1
3237,44511157.0
3238,36378103.5
3239,18999867.7
3240,234658926.8
3241,2999140.2
3242,25786340.9
3243,610380.3
3244,395708.0
3245,3864749.6
3246,51221467.6
3247,12036387.0
3248,63255251.4
3249,62437421.3
3250,445069181.9
3251,888862.6
3252,32389886.6
3253,50265147.9
3254,19010911.5
3255,340979.4
3256,82163152.5
3257,69109814.9
3258,22227648.0
3259,58531209.3
3260,13093282.9
3261,345710272.2
3262,71206801.5
3263,2000163.2
3264,2226516.8
3265,507786.1
3266,3709120.4
3267,84554404.5
3268,305782.9
3269,59995684.8
3270,52139703.2
3271,23844696.4
3272,22961154.6
3273,22700917.9
3274,566962348.4
3275,12673573.0
3276,1304196.3
3277,13765580.0
3278,95849357.7
3279,21755567.0
3280,292230871.4
3281,3679980.0
3282,14123928.7
3283,358112063.6
3284,76626608.5
3285,89881469.3
3286,3913925.8
3287,18783567.8
3288,33897277.1
3289,112920745.5
3290,185891543.8
3291,89940639.0
3292,354882453.4
3293,82769531.8
3294,62475826.0
3295,3980900.7
3296,15328478.8
3297,7242333.4
3298,127228065.6
3299,3901507.6
3300,41134534.5
3301,57770.3
3302,6276661.0
3303,8569024.8
3304,5407943.6
3305,33238628.4
3306,1621813.4
3307,50096849.0
3308,17905380.4
3309,4128340.7
3310,17334492.6
3311,1313108.2
3312,16012444.5
3313,155919901.8
3314,52428213.8
3315,196845780.0
3316,41925810.2
3317,36829751.1
3318,208903.4
3319,840761.0
3320,24835170.8
3321,2630748.0
3322,2003262.7
3323,225431721.5
3324,7324863.8
3325,134680001.0
3326,252109992.8
3327,88192741.9
3328,38978357.5
3329,17677875.8
3330,115541352.7
3331,28917970.9
3332,30369079.2
3333,233858831.0
3334,16135476.9
3335,71573890.2
3336,22204054.8
3337,1833216.9
3338,21667556.6
3339,4302246.5
3340,128849676.1
3341,15965225.5
3342,44579851.0
3343,41366535.5
3344,4800966.8
3345,8846927.3
3346,120466548.9
3347,1881767.9
3348,39977947.5
3349,153805527.4
3350,196188472.4
3351,88262295.2
3352,7691493.2
3353,103260740.2
3354,9967211.3
3355,2806274.9
3356,37072539.4
3357,6005992.3
3358,10121599.1
3359,8855251.6
3360,8308296.3
3361,134722051.1
3362,19627767.9
3363,47510688.6
3364,27361005.8
3365,1549705.8
3366,90520339.0
3367,147090402.9
3368,3259627.2
3369,112628858.6
3370,69328210.4
3371,60083518.8
3372,103656511.0
3373,147936542.3
3374,6864317.6
3375,82635842.5
3376,44236082.3
3377,11777984.9
3378,7799297.7
3379,310401027.5
3380,59999466.3
3381,13427510.1
3382,13790407.1
3383,890770.0
3384,11102460.7
3385,146043187.7
3386,28120283.4
3387,8956992.3
3388,230257419.4
3389,967564606.2
3390,5954884.2
3391,8734000.2
3392,9199352.4
3393,12059399.9
3394,154552279.6
3395,66025674.6
3396,12783444.1
3397,3548510.5
3398,416913163.1
3399,88337826.8
3400,32467086.2
3401,2541902.2
3402,5677956.0
3403,88623918.5
3404,24654315.9
3405,22917489.1
3406,146683707.4
3407,130856118.9
3408,77339290.9
3409,4850038.3
3410,71335902.6
3411,40968368.0
3412,33661480.7
3413,18770523.2
3414,2540301.7
3415,5903884.5
3416,55286856.7
3417,83956773.5
3418,83370925.0
3419,279474278.4
3420,8652648.5
3421,19126316.1
3422,1133601.4
3423,570581071.7
3424,1431918.3
3425,8750778.6
3426,1645772.9
3427,31329522.8
3428,3148104.4
3429,23977033.1
3430,1193681516.4
3431,2652004.7
3432,32503682.6
3433,21823898.4
3434,10287692.1
3435,303217247.4
3436,260408968.6
3437,6863325.2
3438,7518245.4
3439,85068918.1
3440,116236054.0
3441,107833055.6
3442,1308941.5
3443,10488362.9
3444,1207237.9
3445,24694327.6
3446,4403178.4
3447,11694859.2
3448,41825329.3
3449,11835721.2
3450,162637991.9
3451,127870718.2
3452,87549350.1
3453,101354842.6
3454,19245151.2
3455,18215487.8
3456,142249546.6
3457,18766177.3
3458,8882351.8
3459,1108044582.9
3460,110995328.1
3461,20274141.8
3462,9559125.0
3463,69214737.5
3464,5962560.4
3465,22590134.2
3466,40530371.7
3467,15850393.7
3468,306148993.5
3469,18260066.0
3470,905182.7
3471,98101079.6
3472,4139281.2
3473,97106240.8
3474,78786617.7
3475,264816475.0
3476,2026223.5
3477,97941735.7
3478,6747129.2
3479,291803975.5
3480,12719455.5
3481,1650721.3
3482,8360289.2
3483,6571122.9
3484,10109267.1
3485,71191324.4
3486,131300954.9
3487,77873392.2
3488,109075167.7
3489,2781610.0
3490,63487724.9
3491,33511225.0
3492,5524448.3
3493,43341172.2
3494,32792537.2
3495,88782333.1
3496,5085693.4
3497,177813445.3
3498,10263139.6
3499,8749000.2
3500,1913913.3
3501,128739455.6
3502,76548012.2
3503,53710270.7
3504,102383414.2
3505,9126701.3
3506,237997793.3
3507,230348846.0
3508,10178545.6
3509,19062822.0
3510,78748670.9
3511,92474881.2
3512,141904400.0
3513,7495914.3
3514,22474385.2
3515,3732794.5
3516,4054486.3
3517,945443723.3
3518,48146890.1
3519,43989069.7
3520,3884176.1
3521,878993.1
3522,11077306.6
3523,61825395.7
3524,154403609.4
3525,181267941.3
3526,50101391.9
3527,60354501.1
3528,9804538.9
3529,697250778.1
3530,130449542.4
3531,88722185.0
3532,36586858.7
3533,70169729.7
3534,27724004.3
3535,227291682.6
3536,42405960.2
3537,90426044.3
3538,67872036.1
3539,89673640.7
3540,36046643.2
3541,27289632.0
3542,43305205.5
3543,1140038.8
3544,50435927.3
3545,873287.4
3546,11903824.1
3547,243311964.8
3548,490615883.9
3549,1850624.4
3550,420838341.4
3551,263650787.0
3552,144387629.3
3553,106033966.4
3554,175345602.9
3555,122523114.1
3556,170761623.2
3557,25966089.0
3558,172325292.8
3559,148175962.1
3560,136783.8
3561,98789941.5
3562,15467087.4
3563,8876531.6
3564,15323093.2
3565,8386557.6
3566,33102351.0
3567,38566524.8
3568,4840143.2
3569,116445870.9
3570,3944731.9
3571,82568132.0
3572,211956611.9
3573,3313048.2
3574,36092155.7
3575,27603297.1
3576,27801283.9
3577,7666436.8
3578,108816337.6
3579,28682298.6
3580,10910199.8
3581,71290468.4
3582,126180361.8
3583,3615771.7
3584,9766127.8
3585,96254353.2
3586,50427887.9
3587,15490096.7
3588,26338777.2
3589,12766397.3
3590,61729427.6
3591,397289039.2
3592,5121934.0
3593,5979783.2
3594,7656848.0
3595,35432447.1
3596,37873238.8
3597,12144600.3
3598,89470310.7
3599,31548471.5
3600,2692096.8
3601,2755625.5
3602,2131894.0
3603,27377183.9
3604,4602354.7
3605,51020395.8
3606,6239166.0
3607,28665752.1
3608,224878873.2
3609,8615667.4
3610,52446271.4
3611,643812.4
3612,56369732.3
3613,13663303.6
3614,93273815.0
3615,46876263.0
3616,35442511.7
3617,15725367.8
3618,113948717.4
3619,2076024.1
3620,113775893.1
3621,221806315.5
3622,265821031.1
3623,140899125.0
3624,2890812.9
3625,1227230.4
3626,66107966.1
3627,22846579.8
3628,501791674.2
3629,12787973.0
3630,3267542.6
3631,140536454.7
3632,29433242.4
3633,65481788.3
3634,2246509.3
3635,6959170.8
3636,18835433.6
3637,2806839.5
3638,36965367.0
3639,68452453.1
3640,379834093.7
3641,21331373.0
3642,19047194.1
3643,13461730.8
3644,51522918.0
3645,103078424.7
3646,76183490.6
3647,72422490.1
3648,9638255.4
3649,16945247.6
3650,76918635.0
3651,358425642.5
3652,13047269.9
3653,241020882.7
3654,48447311.9
3655,21835822.1
3656,76245490.9
3657,27087844.0
3658,2802820.1
3659,57084247.3
3660,472729172.3
3661,27526357.5
3662,45960735.2
3663,399012330.9
3664,305782.9
3665,3757323.8
3666,8669985.0
3667,74212600.4
3668,20054637.5
3669,8109086.3
3670,39048557.4
3671,4027219.7
3672,19537830.7
3673,132415243.3
3674,9267517.5
3675,471335839.9
3676,74580353.4
3677,25432311.9
3678,32094198.1
3679,99091724.6
3680,10420000.0
3681,10883898.0
3682,113592921.9
3683,1981080.6
3684,72912315.9
3685,100064111.6
3686,8168393.1
3687,162142460.8
3688,3610178.8
3689,785977.3
3690,114924623.3
3691,6286959.3
3692,2190156.9
3693,99350096.0
3694,210721760.9
3695,134554205.8
3696,35143973.0
3697,72595014.6
3698,125376970.5
3699,7444911.4
3700,5639857.3
3701,163020474.4
3702,5400341.2
3703,111336758.9
3704,73772636.6
3705,19408871.0
3706,71931575.5
3707,3589099.0
3708,43503792.1
3709,311759811.5
3710,20414343.5
3711,3187222.8
3712,23772654.4
3713,30669913.2
3714,4397019.6
3715,24749022.8
3716,5272748.0
3717,5484406.5
3718,3862824.0
3719,15129541.5
3720,7672216.8
3721,17255848.3
3722,126444422.0
3723,63593196.0
3724,16848820.6
3725,23031075.2
3726,1359710.3
3727,131985909.2
3728,146579194.2
3729,12166758.2
3730,74795739.4
3731,217627087.3
3732,2038330.9
3733,275138929.0
3734,420782993.5
3735,27621200.4
3736,76797944.0
3737,15594082.8
3738,1840370.4
3739,35279606.7
3740,27522537.3
3741,9671752.3
3742,86483245.5
3743,48467982.3
3744,149339682.9
3745,141735084.6
3746,121243506.1
3747,185878.9
3748,23678376.9
3749,2679010.8
3750,6408405.1
3751,25074078.2
3752,2971465.7
3753,34874816.1
3754,85182718.7
3755,74985161.9
3756,21319982.4
3757,424605891.9
3758,194823896.9
3759,3147011.6
3760,115688647.3
3761,36933373.5
3762,246169487.5
3763,14051978.6
3764,52517537.3
3765,6758590.0
3766,45553893.4
3767,17439313.8
3768,6583767.4
3769,462956.9
3770,2544062.3
3771,63386906.3
3772,9712525.9
3773,166468071.8
3774,8387296.1
3775,186246006.7
3776,65582859.0
3777,9224670.5
3778,2973426.4
3779,5934763.3
3780,71547663.2
3781,52219467.9
3782,1813321.8
3783,24301702.7
3784,10417798.7
3785,354315030.4
3786,74055779.2
3787,281839344.2
3788,328818846.9
3789,29481067.7
3790,737742.3
3791,11892307.9
3792,1294313.6
3793,1281664.2
3794,2178322.1
3795,472024403.1
3796,50822100.0
3797,69098833.7
3798,31804123.1
3799,16838633.3
3800,1199107.4
3801,76705596.7
3802,5276743.3
3803,14965328.8
3804,2715889.3
3805,1762835.4
3806,134658304.9
3807,13238383.3
3808,2761136.4
3809,23163162.9
3810,35758468.7
3811,18751542.1
3812,10616282.0
3813,11683539.3
3814,5198209.3
3815,135798099.2
3816,97810886.2
3817,130209071.4
3818,153686475.5
3819,50542397.0
3820,105920839.0
3821,179204474.8
3822,14359920.9
3823,24369574.4
3824,5943355.0
3825,43482874.8
3826,88573872.4
3827,44515838.8
3828,27984209.1
3829,113033.1
3830,76635742.3
3831,395708.0
3832,147594134.2
3833,23819796.4
3834,19736523.3
3835,3861111.8
3836,3838517.9
3837,28861623.6
3838,52138153.2
3839,13734985.8
3840,13156453.4
3841,52461456.0
3842,7387906.9
3843,53646960.7
3844,6380130.1
3845,9264901.1
3846,11739814.8
3847,1463383.7
3848,4716403.8
3849,120158732.0
3850,35795320.3
3851,27905318.3
3852,5086645.8
3853,115843951.3
3854,10043875.0
3855,11688967.3
3856,7678099.3
3857,1163986942.6
3858,1932663.6
3859,33055108.0
3860,55177289.7
3861,124854290.2
3862,11541482.3
3863,224501665.1
3864,119819104.3
3865,52964849.5
3866,11258999.4
3867,57464874.3
3868,9070519.6
3869,118021625.1
3870,146170838.2
3871,845103435.6
3872,30276470.2
3873,31229015.7
3874,2829506.9
3875,149196546.2
3876,8846398.2
3877,92139005.0
3878,183617332.5
3879,409125884.7
3880,22981875.3
3881,410429.8
3882,7611133.8
3883,2123063.9
3884,230908985.6
3885,13182175.9
3886,62861167.1
3887,28810033.6
3888,8272902.9
3889,72667208.7
3890,127256438.5
3891,6153749.5
3892,45662298.2
3893,529663474.8
3894,127707711.4
3895,45028632.8
3896,30199696.5
3897,7939964.5
3898,32614340.7
3899,844602296.2
3900,123228069.6
3901,29902922.6
3902,76067.5
3903,23264869.0
3904,8397071.2
3905,22478170.3
3906,54730915.4
3907,1561659.0
3908,1114501.1
3909,2881471.9
3910,18238903.1
3911,135183.1
3912,7397340.4
3913,166201564.3
3914,26458870.3
3915,143963487.1
3916,4044404.8
3917,24492283.8
3918,6422851.8
3919,129826404.8
3920,47718074.7
3921,5966210.1
3922,23347093.6
3923,61743413.7
3924,65443923.6
3925,219913727.2
3926,8097956.1
3927,147455347.0
3928,80748865.6
3929,32791457.9
3930,1198535.6
3931,76889432.0
3932,45683435.1
3933,34562027.3
3934,92787768.8
3935,240069.0
3936,6701472.4
3937,386347505.1
3938,8043509.9
3939,58222382.1
3940,5000908.9
3941,30350621.1
3942,165323189.4
3943,1115764783.8
3944,11890600.8
3945,62181369.8
3946,5689753.2
3947,60244193.9
3948,43816132.0
3949,7861337.7
3950,4586315.4
3951,16669112.4
3952,60042046.7
3953,98089955.8
3954,465213270.4
3955,32061505.8
3956,76353399.5
3957,36769184.9
3958,4665165.5
3959,7669841.4
3960,5284721.5
3961,62562909.0
3962,45683435.1
3963,32318108.6
3964,883973227.3
3965,106976104.1
3966,52528676.7
3967,448806831.0
3968,92401937.6
3969,2053678.9
3970,11117842.2
3971,14646496.8
3972,25842321.4
3973,23752744.2
3974,1146991.8
3975,139448714.5
3976,70249911.1
3977,119189501.2
3978,167703356.8
3979,1489521.2
3980,10867836.8
3981,5034744.4
3982,5906211.1
3983,21311623.4
3984,311003881.6
3985,25562736.0
3986,1260413524.9
3987,31572699.6
3988,4448204.2
3989,77921945.9
3990,22726313.4
3991,667546.6
3992,1030282.1
3993,9519518.2
3994,46196607.3
3995,32708972.5
3996,32897836.2
3997,51363637.5
3998,89191174.0
3999,18517641.5
4000,56295908.3
4001,5237100.9
4002,173119960.9
4003,4061249.7
4004,88663203.3
4005,1166580.3
4006,28322385.4
4007,1743216.8
4008,2111886.8
4009,28676994.0
4010,11387824.2
4011,21512526.8
4012,257493459.3
4013,86333700.9
4014,5979783.2
4015,83887332.0
4016,63498486.3
4017,82429377.3
4018,115480067.9
4019,278540276.0
4020,4550580.4
4021,102588933.9
4022,6239166.0
4023,141565107.6
4024,28113328.0
4025,184975.0
4026,145490499.3
4027,126750602.9
4028,9709683.5
4029,511778.2
4030,27775663.1
4031,106799393.1
4032,3107399.6
4033,2395919.2
4034,12570382.3
4035,177947019.1
4036,872533.6
4037,12188843.2
4038,4207925.7
4039,20441332.7
4040,8394827.8
4041,5633423.9
4042,95313075.3
4043,7949124.2
4044,88034644.4
4045,167693156.4
4046,14630303.7
4047,473987221.5
4048,5970303.3
4049,133207.9
4050,10851186.6
4051,358764058.7
4052,24064416.4
4053,4452089.0
4054,6741574.1
4055,13351999.9
4056,29158170.1
4057,168271.8
4058,83664044.6
4059,8037152.7
4060,132974818.8
4061,171357318.4
4062,46469356.0
4063,25269440.8
4064,378457488.7
4065,147166762.5
4066,5236531.3
4067,25411154.1
4068,11416286.3
4069,34488372.2
4070,34136497.6
4071,54452861.8
4072,8535743.3
4073,112286541.3
4074,1206999.7
4075,5219589.6
4076,37004367.3
4077,260388988.5
4078,13348536.0
4079,113130967.8
4080,766565.7
4081,3502817.1
4082,312381541.4
4083,108644847.2
4084,1950439.2
4085,3782398.1
4086,229268589.4
4087,12728624.1
4088,56000127.2
4089,27311610.4
4090,4095875.4
4091,81281480.7
4092,56330984.2
4093,39444850.3
4094,10701017.2
4095,125901117.1
4096,15182749.3
4097,31601839.8
4098,21979402.3
4099,8749266.5
4100,132960630.4
4101,27097197.4
4102,84608817.6
4103,44908324.3
4104,12059076.1
4105,360581.4
4106,2924525.5
4107,4117134.6
4108,43658128.0
4109,7007703.4
4110,88932964.8
4111,3811563.6
4112,43864591.6
4113,11225998.7
4114,443181505.5
4115,13713507.6
4116,24196921.5
4117,15636483.2
4118,121760647.7
4119,27697676.0
4120,8828215.2
4121,8246482.4
4122,131973209.0
4123,2497985.6
4124,70439657.5
4125,37111173.8
4126,14645753.0
4127,22398271.4
4128,22353762.4
4129,775609.0
4130,3790305.0
4131,95684736.7
4132,77648180.1
4133,20874889.5
4134,6864527.9
4135,17922261.3
4136,350097756.4
4137,3885282.6
4138,17393827.2
4139,3563884.1
4140,9053962.9
4141,18265938.3
4142,54926302.3
4143,51973945.7
4144,2175409.0
4145,104383746.1
4146,6125835.1
4147,4574281.2
4148,20499010.0
4149,17154869.7
4150,2684306.3
4151,516316.1
4152,77771840.2
4153,12981033.4
4154,16316409.8
4155,41967172.2
4156,15117405.8
4157,18439036.0
4158,13351999.9
4159,48447344.9
4160,344841558.3
4161,14933844.9
4162,12734067.1
4163,97440550.4
4164,22491025.2
4165,16168862.3
4166,3415797.8
4167,80507212.8
4168,13524516.5
4169,669420.2
4170,1645981.3
4171,194823896.9
4172,93091867.6
4173,43242858.1
4174,11360560.0
4175,11581067.8
4176,21999498.0
4177,239926.4
4178,440757760.2
4179,14109091.0
4180,106501652.4
4181,63645396.5
4182,17014158.5
4183,56294863.1
4184,22238804.2
4185,24360895.9
4186,3288354.6
4187,14908753.9
4188,22833872.3
4189,1382837.0
4190,102566.7
4191,15362087.6
4192,164257.5
4193,252799409.9
4194,71135937.5
4195,48839049.6
4196,26530360.0
4197,43278854.2
4198,400004.0
4199,6881112.7
4200,101195244.8
4201,58623339.7
4202,30408830.6
4203,31213425.4
4204,93040918.0
4205,7325846.8
4206,126933925.4
4207,506450887.0
4208,658181229.1
4209,48572368.0
4210,106834969.7
4211,92619278.2
4212,571595898.5
4213,3372048.5
4214,8374972.4
4215,17399462.3
4216,7712312.0
4217,8062453.7
4218,57373272.9
4219,15262273.5
4220,58379212.8
4221,1152675.2
4222,1011213.6
4223,117412543.8
4224,10833035.3
4225,29264398.0
4226,34697689.8
4227,14676488.4
4228,142541.4
4229,71694843.9
4230,54489853.7
4231,17683244.2
4232,21826952.2
4233,35254199.0
4234,88942060.4
4235,30721321.0
4236,71547663.2
4237,10734750.4
4238,47671704.3
4239,207807812.0
4240,471394555.9
4241,120771299.1
4242,12340786.6
4243,1207237.9
4244,32657761.3
4245,3563427.1
4246,5905845.9
4247,47220796.3
4248,21583147.2
4249,135401636.5
4250,73946479.6
4251,1787077.9
4252,139252305.5
4253,171020159.8
4254,37846940.7
4255,28476681.3
4256,374237435.3
4257,172770715.9
4258,31934983.1
4259,2801932.1
4260,116546491.0
4261,28752816.5
4262,1363901.0
4263,5355600.1
4264,527541645.8
4265,9177198.8
4266,9103089.3
4267,40888349.8
4268,45201928.2
4269,11396693.4
4270,622912542.6
4271,12553026.7
4272,57308.4
4273,53486093.8
4274,55457314.8
4275,31172796.7
4276,38499191.2
4277,113453886.5
4278,47916842.8
4279,229719388.4
4280,1430083.4
4281,1814329.5
4282,49891411.8
4283,4408472.7
4284,9619562.1
4285,178478.1
4286,707314978.0
4287,48858183.7
4288,88946105.1
4289,59454331.8
4290,69219779.8
4291,17000155.0
4292,3172596.3
4293,25181863.0
4294,126851557.6
4295,125873494.4
4296,61704083.2
4297,84391314.1
4298,13878840.4
4299,7354717.5
4300,231065356.9
4301,21093262.4
4302,26036279.8
4303,23024189.5
4304,38122656.9
4305,23926953.6
4306,54770801.3
4307,6343814.9
4308,2129250.2
4309,48400148.9
4310,2452612.0
4311,11001204.9
4312,81565792.5
4313,125051332.5
4314,18314337.1
4315,144312181.7
4316,266307748.9
4317,1752948.2
4318,35567339.6
4319,3455051.6
4320,16118956.5
4321,61234726.8
4322,4444799.6
4323,11006283.3
4324,11922712.9
4325,10539711.7
4326,27019121.0
4327,58831726.8
4328,8746911.6
4329,6595588.2
4330,844602296.2
4331,179560398.3
4332,73633219.9
4333,9994734.6
4334,97471434.0
4335,51979692.9
4336,64574576.1
4337,2505683.2
4338,406061898.4
4339,223819539.4
4340,14042853.9
4341,19250318.3
4342,16417857.2
4343,44877833.5
4344,5334643.1
4345,5968238.4
4346,102225575.1
4347,117776229.7
4348,3144101.9
4349,261554980.8
4350,10197331.1
4351,386065028.6
4352,14675222.2
4353,157648463.7
4354,42803374.2
4355,38575306.9
4356,7140580.8
4357,147795168.9
4358,39843832.1
4359,43956657.4
4360,49476897.3
4361,57109547.6
4362,6482947.4
4363,73706801.4
4364,115126363.1
4365,14668118.6
4366,50520376.4
4367,118562164.4
4368,66663871.3
4369,73513557.3
4370,107124735.2
4371,89933344.4
4372,18005039.1
4373,905512.5
4374,15351051.2
4375,4575204.7
4376,47814.7
4377,22708662.6
4378,128333001.5
4379,155390595.4
4380,84085873.1
4381,137293393.0
4382,290846489.8
4383,220417638.9
4384,44644345.3
4385,830216.0
4386,222659515.6
4387,89345131.6
4388,71516788.1
4389,225181586.7
4390,18061406.6
4391,3847891.3
4392,193015626.2
4393,34666354.5
4394,25991286.7
4395,2861512.2
4396,66276037.4
4397,15099838.5
4398,185689825.1
4399,1764208.6
4400,11419728.0
4401,10954575.2
4402,30783830.2
4403,59468275.9
4404,90828260.6
4405,56216025.0
4406,1734286.8
4407,8636175.8
4408,11778323.0
4409,3679980.0
4410,31968617.8
4411,10997704.7
4412,91121326.2
4413,44243353.8
4414,538182.8
4415,30151450.0
4416,2819764.5
4417,166246811.2
4418,2144628.1
4419,9866743.3
4420,221519139.3
4421,2108326.9
4422,4986940.8
4423,21070943.8
4424,15115393.2
4425,69158176.6
4426,57852023.9
4427,35021371.2
4428,5299000.2
4429,2973579.7
4430,878993.1
4431,3301317.7
4432,203804137.4
4433,133969331.0
4434,372972718.4
4435,22154037.0
4436,7639571.7
4437,2969546.6
4438,25742.7
4439,18148543.8
4440,9838041.4
4441,86370551.8
4442,18720756.1
4443,2607558.2
4444,5987714.0
4445,5914838.1
4446,437190.5
4447,80613910.1
4448,44865147.2
4449,8625454.0
4450,58652337.9
4451,511740710.3
4452,28255833.6
4453,3794008.8
4454,328320.4
4455,457722.2
4456,69152433.7
4457,3845048.7
4458,2517242.7
4459,125738226.6
4460,7299350.9
4461,131913386.2
4462,63635563.3
4463,10192418.9
4464,72501538.6
4465,47693839.9
4466,2452612.0
4467,34412648.3
4468,24598467.6
4469,69708075.7
4470,34264028.8
4471,1203908.6
4472,144068366.2
4473,1241440.6
4474,11438695.5
4475,5737886.4
4476,6198986.3
4477,26595195.0
4478,5164143.5
4479,3976989.2
4480,125104313.0
4481,15735700.0
4482,13968224.5
4483,14872967.8
4484,14388312.7
4485,78956195.0
4486,96548166.2
4487,11440533.9
4488,126116548.3
4489,93223544.3
4490,2019629.2
4491,247087417.3
4492,9706823.5
4493,28765380.0
4494,18035221.6
4495,18840945.6
4496,36251070.7
4497,20855057.1
4498,43095427.5
4499,1030509.7
4500,112457426.1
4501,49528760.8
4502,12474514.6
4503,428045973.1
4504,1775337.9
4505,5735057.2
4506,72235542.0
4507,15076769.7
4508,4364196.0
4509,830053.4
4510,17256542.3
4511,148796590.2
4512,7021071.1
4513,83860351.1
4514,14396294.9
4515,273332757.4
4516,14193865.7
4517,20767669.4
4518,108913091.9
4519,78278610.5
4520,14869431.9
4521,50499901.9
4522,78102539.9
4523,116760885.9
4524,6233558.1
4525,12173188.2
4526,15892038.5
4527,20501303.9
4528,16401644.7
4529,11051226.5
4530,47704775.3
4531,8036913.4
4532,27181086.4
4533,16633150.2
4534,2534171.6
4535,104635584.2
4536,5620298.9
4537,11278747.3
4538,44234712.9
4539,2440806.4
4540,173035261.3
4541,8480440.6
4542,100034395.6
4543,94466458.7
4544,557855.4
4545,3591525.2
4546,2613087.2
4547,11892346.8
4548,13000000.0
4549,198044.7
4550,71995012.3
4551,1122286560.8
4552,111990454.1
4553,31936802.4
4554,326862370.5
4555,1065150.7
4556,68871826.4
4557,4899880.9
4558,39218046.7
4559,51248277.7
4560,45885788.2
4561,38110590.4
4562,1812976.0
4563,290642244.8
4564,845827.2
4565,445200.8
4566,68366184.4
4567,186162406.5
4568,3410868.6
4569,12841050.1
4570,29502671.0
4571,5368026.0
4572,48828597.9
4573,61874160.2
4574,839068.3
4575,3438175.8
4576,16884230.3
4577,30177067.4
4578,74456635.0
4579,29668332.8
4580,162105689.1
4581,8216648.3
4582,59317498.2
4583,147868130.0
4584,15375739.5
4585,129122331.5
4586,13507308.6
4587,2459198.2
4588,213610972.2
4589,34837385.9
4590,893635956.4
4591,26477354.6
4592,218351.3
4593,4635575.0
4594,35637112.4
4595,236336151.3
4596,449344025.5
4597,31885077.9
4598,187088703.4
4599,12167804.3
4600,1955978.4
4601,86635886.5
4602,42381616.5
4603,27282233.0
4604,9766127.8
4605,309073160.8
4606,165929506.5
4607,31411972.9
4608,1344529.8
4609,36846422.3
4610,172696010.0
4611,53629731.9
4612,75814513.0
4613,44733052.7
4614,103484604.3
4615,15988141.7
4616,8649179.0
4617,50123795.7
4618,1054508.3
4619,7673877.6
4620,3515679.8
4621,349653438.4
4622,4302755.6
4623,50978251.9
4624,657674.6
4625,25418208.9
4626,11506015.5
4627,22179640.1
4628,5244502.7
4629,4109444.6
4630,19732986.6
4631,25861805.7
4632,6551925.7
4633,416541.4
4634,11827548.5
4635,5041583.3
4636,188850903.5
4637,1442012.8
4638,32378235.3
4639,5194415.6
4640,54400449.8
4641,14667229.5
4642,18516713.6
4643,16990793.7
4644,3289778.1
4645,1054507.6
4646,1214359969.1
4647,916164.7
4648,8455689.6
4649,128250628.5
4650,70231402.4
4651,34354481.9
4652,341588063.1
4653,1643905.0
4654,83191546.6
4655,118542000.7
4656,19556348.5
4657,96680958.0
4658,26709186.1
4659,15949156.3
4660,7907340.4
4661,14211005.3
4662,11051226.5
4663,6833930.6
4664,10058209.2
4665,47081773.8
4666,108050710.7
4667,198151008.7
4668,1268492.8
4669,52864705.1
4670,36895117.0
4671,16223655.7
4672,2043659.4
4673,12604092.6
4674,18011903.2
4675,15850445.9
4676,2106357.0
4677,240069.0
4678,940493.1
4679,2815420.8
4680,3005083.9
4681,51289422.7
4682,857935.0
4683,1376286.6
4684,4548236.7
4685,52331193.1
4686,6874386.6
4687,13682801.6
4688,212339528.4
4689,7294416.1
4690,4374811.9
4691,51075280.3
4692,36885441.0
4693,15615309.2
4694,16247745.8
4695,80251673.9
4696,7548813.9
4697,85985765.3
4698,13270965.2
4699,2069519.5
4700,122425806.6
4701,268664196.9
4702,28236275.7
4703,28636993.6
4704,25140088.1
4705,43789645.7
4706,99715686.7
4707,7817459.0
4708,134932875.8
4709,375960.6
4710,294320826.8
4711,16715507.3
4712,4972636.6
4713,182128965.4
4714,22067563.0
4715,327639.0
4716,1462019.7
4717,91068489.4
4718,28000474.6
4719,80372513.3
4720,17536168.1
4721,3246497.6
4722,65416870.4
4723,12306479.1
4724,213512814.1
4725,7106090.8
4726,12042391.7
4727,13087083.2
4728,71374877.8
4729,91618885.6
4730,998600.3
4731,36786185.1
4732,505511751.6
4733,4070979.5
4734,431744295.6
4735,65148031.5
4736,12219896.4
4737,83670795.0
4738,850638.1
4739,95943234.0
4740,692451233.0
4741,578931.1
4742,81627076.3
4743,5717184.7
4744,775609.0
4745,344841558.3
4746,54111576.1
4747,22856417.0
4748,114588649.0
4749,3625915.4
4750,3328790.6
4751,141675937.0
4752,11668354.1
4753,11451848.9
4754,543360668.3
4755,44846619.6
4756,79304342.2
4757,217534876.8
4758,174453432.3
4759,546455901.3
4760,140833.2
4761,49468614.0
4762,8943388.2
4763,4422114.3
4764,438083663.4
4765,81535310.7
4766,115834517.1
4767,50986784.2
4768,71506109.0
4769,29503711.6
4770,93119264.2
4771,204233951.6
4772,21557192.9
4773,23476749.8
4774,14144954.2
4775,3294596.5
4776,4686304.5
4777,240211676.2
4778,82391474.7
4779,30293960.4
4780,270902131.4
4781,4710862.2
4782,49525371.1
4783,29693225.5
4784,10089637.1
4785,25830116.1
4786,79485176.1
4787,121597868.5
4788,95043120.3
4789,6563672.8
4790,18820976.8
4791,53218204.0
4792,5725063.4
4793,32480254.5
4794,10024044.2
4795,78331733.7
4796,31593568.2
4797,850355013.8
4798,57153972.6
4799,84538526.9
4800,39129541.6
4801,625081.4
4802,50613244.5
4803,462945.7
4804,19120241.2
4805,15362087.6
4806,6899117.2
4807,483721.9
4808,7304287.0
4809,86031898.3
4810,52921.7
4811,15951621.7
4812,74204538.8
4813,92486127.8
4814,613993.2
4815,105091878.9
4816,22473070.5
4817,8252291.3
4818,9047143.6
4819,4895661.4
4820,36782697.4
4821,1839105.7
4822,3927968.3
4823,4867483.6
4824,79481680.7
4825,101236839.6
4826,37437109.3
4827,63255251.4
4828,27593942.0
4829,37486006.2
4830,105307347.4
4831,18927772.5
4832,18457962.5
4833,28670682.5
4834,12684217.2
4835,85801081.0
4836,1640632.7
4837,180646936.4
4838,42170953.0
4839,344016.8
4840,628518436.4
4841,288616.2
4842,84553212.3
4843,257599749.0
4844,5792258.9
4845,21706492.0
4846,3509612.9
4847,350173650.2
4848,44007918.6
4849,232399429.5
4850,23291001.8
4851,26998.7
4852,5101536.1
4853,273152896.2
4854,34122676.5
4855,105625395.5
4856,32269321.3
4857,13063896.1
4858,46268602.5
4859,11455897.2
4860,531459152.5
4861,235184909.0
4862,63817082.2
4863,220328349.3
4864,84158177.1
4865,56064506.8
4866,13384143.1
4867,207385275.6
4868,13070622.7
4869,3605326.7
4870,87771736.8
4871,65633189.0
4872,3377926.6
4873,29343686.3
4874,90762297.2
4875,40852784.1
4876,35220083.0
4877,55033708.9
4878,75032708.9
4879,53139977.4
4880,17126348.4
4881,7889429.9
4882,19233768.0
4883,67072969.0
4884,111991468.1
4885,54720707.5
4886,19552705.1
4887,16760505.8
4888,7261886.1
4889,1653256.5
4890,131979171.1
4891,21196015.4
4892,3116051.1
4893,101115311.5
4894,19669187.8
4895,22061409.1
4896,31007981.1
4897,5928772.5
4898,154951736.2
4899,122686009.8
4900,235262343.0
4901,75203380.2
4902,1692511.2
4903,34885208.3
4904,280742458.7
4905,44028914.2
4906,1097686.4
4907,814970641.1
4908,77795158.3
4909,107086158.3
4910,63668251.3
4911,38517599.0
4912,95051172.3
4913,45846807.4
4914,151889814.7
4915,49526523.3
4916,489678.7
4917,7374753.2
4918,148457405.6
4919,39263841.3
4920,50923755.6
4921,60830892.2
4922,12442323.0
4923,20905904.1
4924,83466533.7
4925,168437712.5
4926,732069.9
4927,27290190.3
4928,13769936.1
4929,95204264.9
4930,15851582.6
4931,13364609.0
4932,1422183.5
4933,159429833.9
4934,4251723.2
4935,644034052.3
4936,10473684.7
4937,1815357.2
4938,3055731.5
4939,1189079.5
4940,51287292.9
4941,172734794.6
4942,2470360.7
4943,170168657.2
4944,122699720.4
4945,3357134.3
4946,21111164.4
4947,451433.0
4948,5210104.9
4949,36626081.6
4950,24810332.8
4951,77012475.9
4952,13877128.2
4953,104826257.6
4954,65548294.5
4955,788854.5
4956,14110785.4
4957,82497503.1
4958,12339135.5
4959,23919858.8
4960,28363545.2
4961,125168184.2
4962,4057978.7
4963,132466817.3
4964,5936632.9
4965,6993429.1
4966,3805560.7
4967,58884564.7
4968,26591553.4
4969,353259.9
4970,1889833.3
4971,96399635.1
4972,50059053.8
4973,7358769.8
4974,159055032.8
4975,19409682.5
4976,3400946.1
4977,101367341.2
4978,1749031.7
4979,33077670.9
4980,103762124.5
4981,45097678.1
4982,103931007.7
4983,10510847.2
4984,42540372.5
4985,427403664.5
4986,5011896.6
4987,13430963.6
4988,9950778.2
4989,57669727.4
4990,7494790.5
4991,17497201.3
4992,251387832.3
4993,20159480.2
4994,93957268.1
4995,893147.7
4996,31655169.6
4997,76961533.1
4998,30778699.1
4999,56744167.9
5000,86501390.9
5001,262898947.4
5002,265152292.3
5003,76750940.6
5004,40090412.1
5005,30351650.2
5006,404060204.9
5007,52874512.1
5008,574136215.2
5009,30173789.8
5010,13938494.6
5011,7529141.8
5012,41800494.3
5013,7654719.5
5014,32219583.0
5015,14343810.4
5016,124360636.2
5017,29791205.1
5018,13293076.2
5019,55462455.7
5020,48130398.3
5021,1905383.0
5022,59993612.5
5023,20505939.4
5024,148423609.8
5025,26114195.2
5026,117619908.3
5027,21490963.9
5028,58972541.8
5029,82674217.1
5030,30251165.6
5031,4636101.8
5032,124829135.7
5033,3173816.1
5034,10053440.2
5035,115538.9
5036,7442201.3
5037,79699233.3
5038,430433611.6
5039,8549591.9
5040,114901781.4
5041,60419531.5
5042,43278776.1
5043,74541208.6
5044,268482622.9
5045,9103089.3
5046,7447297.0
5047,2644658.0
5048,1187517.3
5049,106629836.9
5050,2250196.5
5051,347534599.2
5052,169675107.3
5053,28950893.7
5054,34769391.5
5055,24322036.5
5056,68714379.5
5057,4848571.9
5058,9819758.0
5059,41245354.2
5060,130388282.2
5061,28049736.1
5062,1538397.3
5063,446455.8
5064,55989313.9
5065,36908891.4
5066,16393718.0
5067,51293054.5
5068,12082694.5
5069,46367008.4
5070,27385024.3
5071,67982500.4
5072,99304392.3
5073,5725063.4
5074,8088854.3
5075,10106302.4
5076,45332940.2
5077,140899125.0
5078,808615.8
5079,22615788.5
5080,86874589.0
5081,74554786.7
5082,10033388.1
5083,9570470.2
5084,11510041.3
5085,982741.6
5086,7512043.0
5087,6310838.8
5088,7804842.5
5089,12863031.5
5090,13816395.0
5091,59819475.2
5092,28508378.4
5093,35543524.9
5094,38258538.8
5095,174054733.0
5096,65827925.3
5097,5278230.7
5098,9269467.7
5099,19516524.3
5100,27005586.9
5101,210054.2
5102,10687266.7
5103,2325880.7
5104,94292745.5
5105,27110363.5
5106,6871179.3
5107,26998955.9
5108,33485980.6
5109,457466.8
5110,25640810.8
5111,73808502.9
5112,13785302.2
5113,359121.0
5114,24727940.7
5115,1136236.0
5116,4550483.5
5117,165455964.4
5118,80055016.4
5119,1222496.4
5120,960529.8
5121,46145768.8
5122,55928944.2
5123,12017469.5
5124,9027980.0
5125,4338975.5
5126,42641375.9
5127,54683112.2
5128,595793.0
5129,6413453.1
5130,21368051.7
5131,37248805.3
5132,73884315.7
5133,241519832.9
5134,132119213.1
5135,188214065.6
5136,30378319.9
5137,57059071.5
5138,17165568.2
5139,136714967.0
5140,135934707.7
5141,50812524.3
5142,112961234.9
5143,34097952.5
5144,89186860.4
5145,7849578.4
5146,27635513.0
5147,6433982.9
5148,9889411.5
5149,4647176.6
5150,345272759.1
5151,525947355.0
5152,72078477.9
5153,41701446.2
5154,37328547.8
5155,1713900.0
5156,471526529.7
5157,14220798.1
5158,3163189.6
5159,96250311.4
5160,14693218.8
5161,10480196.1
5162,87370471.7
5163,190625556.2
5164,1215970.0
5165,19065824.1
5166,119298277.9
5167,3581702.5
5168,29333031.1
5169,1849276.4
5170,54324591.9
5171,107726206.7
5172,19328461.3
5173,87073709.0
5174,113081276.9
5175,10915210.9
5176,6097380.7
5177,172491029.3
5178,1054345455.0
5179,1012847.5
5180,22199092.0
5181,280168.4
5182,55309256.0
5183,9218051.7
5184,14713680.7
5185,1409349.0
5186,10499274.3
5187,3032807.1
5188,21549723.6
5189,87410452.2
5190,342148056.2
5191,72940851.7
5192,79025502.9
5193,100371756.7
5194,33294916.0
5195,246085601.4
5196,32000881.5
5197,24372439.3
5198,35024363.5
5199,13180898.7
5200,18699931.1
5201,31518065.4
5202,15694329.6
5203,2902603.1
5204,1268539.7
5205,64624178.6
5206,28705344.1
5207,14595747.5
5208,10607902.1
5209,153768121.1
5210,50521579.7
5211,13472842.6
5212,23179919.3
5213,27926989.3
5214,99239.5
5215,25836642.6
5216,28713520.1
5217,18331554.1
5218,19032481.3
5219,13902962.4
5220,44423485.7
5221,3397805.7
5222,2834961.7
5223,142009899.3
5224,296251.8
5225,2283243.0
5226,77449205.1
5227,2228771.5
5228,23578539.4
5229,107956585.3
5230,1647848.6
5231,13090821.7
5232,11688967.3
5233,1035117.5
5234,167259548.8
5235,14009922.4
5236,211320121.0
5237,83304360.1
5238,38478578.5
5239,79025633.1
5240,239100869.4
5241,49533148.5
5242,52059719.8
5243,4755056.2
5244,99108444.1
5245,9431260.9
5246,7209276.2
5247,23652405.4
5248,1811799.1
5249,58115321.8
5250,133398919.7
5251,32904292.0
5252,72427.6
5253,3377555.5
5254,19074653.7
5255,137309754.6
5256,92323576.6
5257,23867917.1
5258,11610617.9
5259,121087099.3
5260,50994875.0
5261,61638809.1
5262,11759489.3
5263,177413443.0
5264,12213167.8
5265,64550148.7
5266,23652065.2
5267,5230374.6
5268,11421883.9
5269,143242064.8
5270,123944027.6
5271,17291195.7
5272,200666634.3
5273,2250656.6
5274,62068690.7
5275,28781421.8
5276,28315234.0
5277,9406508.7
5278,20763836.9
5279,27082911.1
5280,42446762.2
5281,37878322.8
5282,28942847.5
5283,1071788.6
5284,2637262.1
5285,14918446.5
5286,46520046.1
5287,20879822.7
5288,1655855.6
5289,99489041.4
5290,118810943.2
5291,551940932.7
5292,163491304.1
5293,226435800.2
5294,1058711.8
5295,695370152.6
5296,5131501.3
5297,50119451.6
5298,172523059.0
5299,10716020.1
5300,479354.7
5301,10976760.7
5302,96628204.6
5303,11478012.0
5304,51918685.8
5305,5376466.8
5306,28583396.3
5307,242123133.7
5308,1495353.0
5309,1137596.2
5310,237446176.3
5311,3357014.1
5312,174670044.8
5313,348274307.8
5314,109396940.8
5315,702618.3
5316,49967864.6
5317,6463680.8
5318,6293235.8
5319,47987496.7
5320,59727242.1
5321,49926073.3
5322,66250.5
5323,201965294.4
5324,15614265.2
5325,11847885.4
5326,30507425.6
5327,99803414.5
5328,28088027.4
5329,13966222.2
5330,164755585.7
5331,11739814.8
5332,1402915.8
5333,123980800.2
5334,20621188.8
5335,3385237.8
5336,29074949.3
5337,7745600.0
5338,119510655.5
5339,34765950.9
5340,16466222.7
5341,154917842.7
5342,209239728.6
5343,72820739.9
5344,217092859.0
5345,685622.2
5346,137738286.2
5347,1018759.0
5348,23523376.2
5349,2170142.1
5350,4407204.7
5351,86464060.9
5352,42889961.6
5353,10733056.6
5354,117875415.3
5355,74594362.5
5356,27341201.5
5357,6284226.6
5358,40594741.5
5359,132342409.0
5360,90201943.4
5361,31141477.2
5362,3607201.5
5363,20025937.0
5364,1375695.0
5365,112496722.6
5366,25515391.0
5367,125699939.7
5368,13330121.0
5369,174395344.3
5370,57678200.5
5371,56953285.5
5372,540855049.9
5373,132298821.9
5374,89024294.2
5375,106821569.1
5376,179970628.0
5377,31535939.2
5378,11688967.3
5379,11843013.8
5380,86962339.4
5381,69353003.7
5382,88709434.1
5383,10770051.2
5384,292427569.8
5385,266357782.4
5386,22592742.6
5387,10696419.3
5388,211097959.1
5389,31384020.3
5390,74895781.3
5391,35715840.3
5392,4773757.2
5393,8632768.5
5394,97163138.1
5395,95973073.5
5396,172225055.4
5397,3965344.3
5398,19296027.0
5399,4929434.5
5400,2637262.1
5401,82662851.0
5402,83925518.8
5403,19890751.1
5404,1521665.6
5405,65207330.8
5406,2373972.4
5407,233321512.4
5408,384026072.0
5409,61486117.2
5410,19062302.3
5411,26363131.1
5412,2036708.9
5413,1607354.3
5414,121343173.5
5415,86985009.8
5416,21561812.7
5417,121258219.7
5418,3610178.8
5419,1157217.6
5420,83872491.0
5421,10739699.4
5422,93683849.9
5423,361765519.2
5424,264130353.2
5425,40093565.6
5426,17790855.2
5427,8974640.8
5428,38089593.4
5429,73988502.9
5430,126734614.9
5431,99938095.7
5432,32078831.4
5433,46189524.2
5434,53559194.4
5435,82333731.8
5436,38437463.2
5437,56005739.1
5438,23110776.0
5439,2923343.3
5440,57203212.7
5441,4780578.0
5442,144203802.5
5443,82538757.4
5444,73454139.0
5445,56697238.4
5446,116756877.2
5447,10449291.3
5448,10613180.7
5449,64006187.4
5450,45456570.3
5451,22976635.5
5452,4160630.1
5453,162894973.0
5454,149333078.3
5455,11206048.8
5456,4637443.0
5457,80954806.8
5458,3337536.7
5459,19469084.5
5460,2058012.2
5461,20898.8
5462,17456625.5
5463,1096915904.0
5464,1519569.7
5465,58544983.3
5466,146287323.2
5467,90484304.9
5468,75927043.1
5469,1372909.7
5470,299960863.7
5471,251908664.1
5472,91497299.0
5473,37224066.0
5474,28884302.1
5475,58615471.0
5476,25428210.6
5477,5547626.4
5478,83952187.4
5479,97421209.2
5480,34637767.2
5481,3937009.8
5482,73957968.0
5483,30284944.6
5484,90807035.5
5485,8294127.3
5486,15375739.5
5487,315936733.6
5488,121422423.7
5489,28380812.2
5490,1231470.6
5491,213050249.8
5492,67033641.5
5493,22236083.3
5494,89215.7
5495,51041665.1
5496,98094292.2
5497,38794078.6
5498,3188635.6
5499,149336092.1
5500,34007022.2
5501,6090512.1
5502,8529068.4
5503,49968400.8
5504,59164020.5
5505,609213.6
5506,391055132.7
5507,39668253.7
5508,94150086.9
5509,117348247.0
5510,18285878.5
5511,10336381.8
5512,135730896.4
5513,1699209.9
5514,64675268.5
5515,10389913.1
5516,615873.9
5517,322296472.3
5518,25178950.6
5519,238790516.6
5520,2541295.0
5521,73165987.1
5522,2192085.5
5523,515700558.8
5524,264793982.6
5525,69291695.8
5526,27315063.7
5527,1965699.6
5528,99421276.8
5529,467951.9
5530,316557857.9
5531,379844.5
5532,10695510.0
5533,87358411.9
5534,613167620.6
5535,4685055.6
5536,2058137.2
5537,3650180.5
5538,9031226.7
5539,228678870.8
5540,29320842.0
5541,128643413.3
5542,5297360.9
5543,1736367.1
5544,104744239.1
5545,770646.3
5546,64912707.1
5547,2991602.8
5548,21726381.1
5549,83044770.6
5550,27414026.2
5551,17143274.9
5552,92033167.3
5553,81236768.5
5554,38497704.6
5555,43542731.0
5556,22171319.5
5557,7978274.0
5558,470525116.3
5559,2761442.7
5560,9206354.4
5561,55870628.6
5562,57441884.6
5563,2741759.6
5564,8791960.8
5565,36745864.0
5566,10853903.3
5567,20567073.9
5568,95285778.9
5569,61620877.2
5570,50808415.7
5571,106851020.2
5572,2791096.9
5573,167197392.3
5574,9849926.4
5575,181020694.0
5576,77059518.2
5577,33050958.3
5578,24133429.7
5579,11868875.9
5580,5509833.1
5581,73766336.4
5582,49292349.1
5583,121680592.9
5584,137046565.8
5585,18969212.8
5586,7309525.5
5587,30984175.9
5588,262447547.1
5589,94891066.6
5590,966453.3
5591,64550148.7
5592,3010047.7
5593,28088027.4
5594,3512520.4
5595,31664664.2
5596,183472982.5
5597,28186138.4
5598,23957001.5
5599,27534471.3
5600,6330921.5
5601,76977445.4
5602,89968445.0
5603,27589140.9
5604,55421872.8
5605,122532164.7
5606,131251118.6
5607,37094465.6
5608,119881440.1
5609,36680803.2
5610,26681740.0
5611,41659784.8
5612,517373137.1
5613,12620719.1
5614,22719142.5
5615,48075229.0
5616,13968224.5
5617,342967775.1
5618,80224868.2
5619,153914112.9
5620,4128536.6
5621,94163514.4
5622,3291103.3
5623,53540578.6
5624,488129022.6
5625,1466706.6
5626,5275613.7
5627,199330618.9
5628,33050958.3
5629,361771004.4
5630,71984918.9
5631,106409497.0
5632,65240788.8
5633,36936808.6
5634,29046862.3
5635,90363507.9
5636,2418220.2
5637,2304551.9
5638,121343173.5
5639,16400059.7
5640,8860565.0
5641,158638854.6
5642,11294862.7
5643,42993160.0
5644,551940932.7
5645,288288194.7
5646,3325546.6
5647,24006283.3
5648,71791283.4
5649,849132.9
5650,230041120.2
5651,37456298.2
5652,24820032.2
5653,101591459.2
5654,51405121.0
5655,107414034.9
5656,703310583.3
5657,10968419.5
5658,12230670.9
5659,21396945.5
5660,72379938.2
5661,18918738.2
5662,173578988.4
5663,45353852.1
5664,16384690.1
5665,60194909.5
5666,26870295.4
5667,12326659.2
5668,9786546.9
5669,10661309.8
5670,464643069.5
5671,27778843.2
5672,5025165.4
5673,59077790.5
5674,18933385.3
5675,11539394.2
5676,2933282.6
5677,74532059.0
5678,160854427.1
5679,1817456.0
5680,25770235.4
5681,1002101049.0
5682,7890562.8
5683,342658819.8
5684,106510688.8
5685,18026770.7
5686,4314156.2
5687,118365774.9
5688,21573459.2
5689,24133486.5
5690,4590978.5
5691,41106267.4
5692,611004130.5
5693,50916541.4
5694,48046356.4
5695,1499905.5
5696,88571120.1
5697,1293778.8
5698,13326283.3
5699,5639949.8
5700,79675026.8
5701,13374644.7
5702,42395759.1
5703,61655056.8
5704,15576615.1
5705,31619460.3
5706,3039039.6
5707,15238731.9
5708,14377973.6
5709,11264903.1
5710,20897378.8
5711,20368244.9
5712,151999751.3
5713,18177863.0
5714,12299914.1
5715,52181900.9
5716,396538.5
5717,18851431.0
5718,13683587.8
5719,57185731.6
5720,16002930.3
5721,143570721.9
5722,4345194.0
5723,6823833.5
5724,13688946.0
5725,2504828.2
5726,63874444.0
5727,272454225.3
5728,5422609.5
5729,386684847.9
5730,17641158.4
5731,1958605.2
5732,16887639.1
5733,4973265.9
5734,44101912.4
5735,19357533.3
5736,87857652.9
5737,29298407.5
5738,170097583.9
5739,12033707.6
5740,87566706.0
5741,73381606.2
5742,99026379.5
5743,24929144.7
5744,1228255.3
5745,5418052.1
5746,47911376.2
5747,1969331.0
5748,118362234.9
5749,94206551.0
5750,87770776.3
5751,64859878.8
5752,1416214.5
5753,285967397.2
5754,32635197.4
5755,68958086.3
5756,41378599.8
5757,13204623.0
5758,1576680.0
5759,27289003.2
5760,1045454.6
5761,7968172.1
5762,177665799.5
5763,117687752.8
5764,2759480.2
5765,23480413.7
5766,74818733.8
5767,47938310.3
5768,33230154.3
5769,372520041.0
5770,15795012.8
5771,18770927.6
5772,27792680.5
5773,376763920.9
5774,70964492.2
5775,40379240.5
5776,9431391.9
5777,183094456.2
5778,198640863.2
5779,332708674.9
5780,1022008.0
5781,78786211.5
5782,41252999.0
5783,45569086.9
5784,388537.7
5785,118445346.6
5786,12169732.1
5787,194440885.4
5788,4158263.1
5789,41619967.2
5790,120331014.2
5791,63329876.2
5792,18926417.3
5793,67783700.8
5794,85442776.8
5795,80845119.7
5796,14073495.6
5797,19299921.2
5798,2185536.5
5799,287043506.6
5800,1856709.5
5801,15237219.7
5802,13077385.2
5803,7896450.0
5804,438083663.4
5805,13406035.8
5806,52839142.3
5807,43460613.8
5808,52975943.3
5809,15657307.8
5810,23137.8
5811,5956774.2
5812,96028490.1
5813,145498208.3
5814,1627694.2
5815,893953.6
5816,20808719.0
5817,47905601.3
5818,11903824.1
5819,32874941.8
5820,8177295.0
5821,1838951.6
5822,109843.9
5823,80064572.7
5824,48631718.2
5825,3371379.2
5826,19610437.5
5827,20363619.2
5828,483912856.3
5829,102631695.0
5830,93090670.3
5831,98192337.8
5832,53716072.8
5833,44366142.9
5834,10198402.6
5835,122072.0
5836,90347625.8
5837,79481680.7
5838,3814240.6
5839,140125973.5
5840,6646651.8
5841,140527327.6
5842,71056073.1
5843,24781451.2
5844,14109091.0
5845,21311156.4
5846,2693765.8
5847,121964885.6
5848,30748508.5
5849,28506291.4
5850,28806455.0
5851,8611682.7
5852,17371666.6
5853,49521449.4
5854,14232699.5
5855,175041972.3
5856,51134633.0
5857,729471610.0
5858,2598823.3
5859,55585832.9
5860,244515901.6
5861,505251.2
5862,8988357.8
5863,45145491.5
5864,397197773.4
5865,32422494.6
5866,24593475.9
5867,3591389.1
5868,57981156.3
5869,4357526.3
5870,1875603.8
5871,74463764.2
5872,107434046.3
5873,17773280.2
5874,824292.9
5875,49377963.4
5876,79589414.7
5877,2559323.3
5878,82213234.7
5879,20722757.7
5880,115830556.4
5881,109509345.8
5882,205138626.7
5883,1899931.6
5884,107021283.6
5885,6742342.7
5886,10321753.0
5887,1697923.9
5888,75367275.7
5889,1373969.1
5890,20780671.5
5891,25877271.5
5892,57317060.5
5893,8903958.4
5894,89587666.1
5895,15389327.1
5896,134548814.6
5897,17545690.8
5898,47893759.4
5899,10976998.5
5900,22708662.6
5901,153197.6
5902,23488943.4
5903,58283729.8
5904,118386759.4
5905,32239884.3
5906,94889207.6
5907,1147869.4
5908,67307697.4
5909,50254649.5
5910,73074224.9
5911,5346224.0
5912,303113366.1
5913,77272074.2
5914,23264869.0
5915,16931763.2
5916,65972481.0
5917,181397183.5
5918,168567711.1
5919,67042623.6
5920,1010278.7
5921,66102589.7
5922,14572346.3
5923,37111173.8
5924,12644414.5
5925,442209608.1
5926,437806.4
5927,762898.5
5928,32875271.3
5929,2337286.9
5930,51436948.5
5931,32093026.7
5932,3187222.8
5933,3331619.7
5934,104502517.7
5935,153242247.8
5936,79308557.3
5937,258393.6
5938,5326482.1
5939,18623371.2
5940,129663548.2
5941,6163798.4
5942,69220186.3
5943,10678061.2
5944,51929624.6
5945,6414611.8
5946,7387950.6
5947,448617.7
5948,211925575.2
5949,49245239.5
5950,136782257.5
5951,87582039.8
5952,828699.7
5953,259755584.9
5954,32537895.0
5955,42756980.8
5956,83381777.4
5957,46698635.0
5958,97533786.0
5959,11128524.3
5960,5021260.3
5961,2359305.3
5962,8736300.0
5963,169520155.2
5964,134929931.1
5965,62150513.3
5966,25752056.5
5967,533625021.3
5968,23080776.9
5969,59436672.9
5970,22400712.7
5971,9377325.0
5972,30119905.3
5973,107770671.7
5974,4088884.4
5975,11294862.7
5976,1042966.4
5977,30455151.8
5978,990558548.4
5979,19004145.1
5980,302124409.5
5981,17839419.9
5982,112424244.9
5983,18093005.8
5984,32257658.7
5985,94240441.8
5986,1597514.4
5987,8392216.4
5988,73853538.1
5989,682197.2
5990,196832534.3
5991,2419066.8
5992,39856001.6
5993,34865679.5
5994,1682117.6
5995,26008152.0
5996,77588974.4
5997,28225010.5
5998,382892148.9
5999,20424824.8
6000,6873805.5
6001,18569951.4
6002,2356915.5
6003,545136586.5
6004,12060408.4
6005,1531240.7
6006,41897695.5
6007,13638706.7
6008,23012596.7
6009,99632469.0
6010,71882367.4
6011,31354455.8
6012,23343995.5
6013,319209706.6
6014,17700237.6
6015,35505976.3
6016,65924520.9
6017,4441469.9
6018,116488910.1
6019,4053260.7
6020,4749983.4
6021,33951862.6
6022,9536300.0
6023,63859150.0
6024,6391205.5
6025,26629323.4
6026,132688975.1
6027,16628334.3
6028,178844564.5
6029,15123913.3
6030,290532976.6
6031,109751435.7
6032,4545355.6
6033,104689569.2
6034,13597260.2
6035,312191576.6
6036,7354781.2
6037,5819096.5
6038,28953.3
6039,4687670.6
6040,50198588.2
6041,360517597.5
6042,64845.1
6043,166964624.6
6044,3850269.4
6045,35103914.4
6046,2909882.1
6047,10668520.9
6048,17316443.4
6049,21396785.8
6050,833263.8
6051,581473.4
6052,65817171.6
6053,2012927.0
6054,15286610.0
6055,4987908.7
6056,39985154.3
6057,2994370.0
6058,37374730.2
6059,129496670.9
6060,49785569.5
6061,118320168.4
6062,13111205.3
6063,110107134.6
6064,1584007.9
6065,65072753.1
6066,72812105.1
6067,81371517.2
6068,717034.8
6069,137570655.6
6070,227409232.8
6071,2759480.2
6072,8314126.9
6073,56950177.7
6074,1448725.1
6075,9328925.7
6076,64050177.1
6077,9300172.4
6078,71204664.8
6079,432647904.3
6080,1231614.0
6081,1500000.0
6082,10682716.4
6083,153390771.9
6084,16982260.9
6085,20379137.0
6086,5786256.4
6087,67323738.0
6088,59976012.7
6089,19339880.4
6090,421654768.5
6091,1383592.3
6092,11438401.5
6093,9571353.9
6094,105639221.8
6095,102238461.7
6096,13560384.6
6097,50727810.2
6098,24726498.2
6099,81528266.6
6100,64927095.7
6101,197716398.5
6102,135456520.5
6103,52312630.3
6104,2967448.9
6105,6335327.9
6106,6236480.6
6107,1883426.6
6108,89348008.2
6109,49157474.7
6110,106662420.6
6111,9684423.5
6112,761863.3
6113,10293725.4
6114,74208676.3
6115,165354349.9
6116,411185.7
6117,20419965.6
6118,122253715.0
6119,46470871.1
6120,69688824.1
6121,4527669.8
6122,116998521.6
6123,1050000.1
6124,4988969.7
6125,8018590.5
6126,21382884.1
6127,5738069.0
6128,245929777.6
6129,9686536.8
6130,6218153.5
6131,6368133.7
6132,427502.9
6133,15972265.8
6134,84173878.0
6135,43946526.0
6136,248014072.4
6137,95857294.3
6138,6255729.9
6139,1037602229.9
6140,11186287.0
6141,44826613.8
6142,3602823.8
6143,1949268.6
6144,16949819.7
6145,18831629.6
6146,32767334.9
6147,19810809.7
6148,4671729.4
6149,93965767.6
6150,453414185.4
6151,52096745.4
6152,904858289.5
6153,20457704.1
6154,637368.9
6155,150847609.2
6156,4940741.7
6157,29824334.1
6158,100990513.2
6159,25474830.8
6160,23426995.7
6161,14143057.6
6162,7858994.6
6163,21209571.6
6164,11186287.0
6165,240678386.3
6166,36550461.3
6167,18674618.1
6168,57236448.1
6169,58006138.7
6170,3882618.8
6171,9997122.5
6172,15970376.2
6173,30489551.6
6174,48375850.3
6175,6010142.5
6176,5215708.7
6177,171296486.0
6178,15720288.6
6179,134520308.8
6180,44329211.0
6181,8944928.5
6182,234108207.2
6183,6641739.4
6184,758673104.8
6185,39863531.0
6186,30756078.6
6187,11636548.2
6188,32332611.7
6189,7121077.6
6190,89994969.3
6191,19342597.0
6192,133283667.7
6193,28383946.5
6194,3022234.2
6195,3054197.3
6196,77512391.7
6197,1764036.5
6198,125761396.4
6199,641268600.7
6200,3894868.8
6201,10419485.8
6202,102866065.5
6203,413395884.6
6204,12862082.7
6205,4140046.2
6206,57885271.8
6207,52421466.4
6208,206328916.2
6209,2221567.8
6210,5467251.6
6211,82610095.1
6212,40504856.4
6213,130791233.9
6214,15182749.3
6215,26887165.4
6216,42865324.4
6217,2108100.1
6218,2083435.6
6219,34401079.0
6220,6155392.5
6221,21624223.2
6222,10023217.5
6223,95666433.3
6224,101736969.6
6225,70233941.5
6226,11749760.0
6227,4679020.8
6228,3562721.1
6229,1711943.4
6230,16363088.2
6231,98629945.4
6232,1364726.1
6233,144586018.8
6234,66169852.7
6235,79907854.6
6236,84926591.2
6237,18111951.7
6238,2584452.3
6239,180434686.2
6240,184690977.7
6241,1546545.7
6242,27344452.9
6243,23537528.0
6244,37667826.2
6245,15855709.1
6246,4864650.4
6247,637147384.2
6248,9649502.7
6249,14442381.8
6250,44988782.3
6251,81063715.7
6252,23811556.5
6253,18049060.8
6254,222664417.4
6255,2664423.2
6256,10364194.8
6257,100909300.1
6258,918988.3
6259,9706211.4
6260,24547570.7
6261,79913777.3
6262,15523136.7
6263,22852099.0
6264,3295135.5
6265,7003860.6
6266,3799177.3
6267,171473146.7
6268,773403.1
6269,124281090.4
6270,65137813.5
6271,360141787.7
6272,1993369.9
6273,37815995.8
6274,170575062.4
6275,41186092.9
6276,44151388.1
6277,15352686.9
6278,3712302.4
6279,37583413.0
6280,23189122.4
6281,13513033.1
6282,404441464.3
6283,17330909.4
6284,101089473.9
6285,86781337.3
6286,402928.4
6287,32122946.5
6288,111334221.5
6289,199351023.3
6290,1711608.1
6291,76492206.6
6292,150873197.3
6293,249306662.8
6294,8876531.6
6295,342939463.9
6296,6826013.6
6297,60769673.8
6298,4788439.2
6299,4862782.5
6300,37020768.9
6301,37357099.3
6302,1995877.4
6303,9051901.9
6304,49564295.3
6305,141470527.1
6306,51534155.7
6307,6634729.0
6308,13173058.7
6309,2026604.9
6310,68663190.6
6311,8666910.8
6312,2913880.3
6313,64604129.3
6314,25739672.7
6315,12875856.8
6316,34228337.5
6317,99410716.4
6318,50545239.0
6319,120088151.5
6320,2999720.6
6321,287953852.8
6322,23563003.6
6323,99442245.2
6324,5588011.3
6325,73955802.0
6326,10858700.7
6327,45135648.4
6328,38507313.2
6329,15792268.2
6330,3726444.6
6331,91620140.9
6332,1757046.0
6333,30634743.7
6334,3782421.9
6335,83582442.3
6336,107510773.6
6337,53493438.0
6338,8575268.8
6339,51192248.7
6340,2847836.4
6341,2440562.1
6342,23523025.2
6343,43110317.1
6344,59769796.1
6345,13099453.4
6346,154909012.2
6347,60980360.9
6348,19062822.0
6349,70296954.7
6350,312145.5
6351,164963698.3
6352,171133440.7
6353,4708757.4
6354,1329801.4
6355,74925.2
6356,12037263.7
6357,3264031.2
6358,13288634.9
6359,7112937.1
6360,3168475.7
6361,180646936.4
6362,16185776.5
6363,29035459.8
6364,5995985.3
6365,119318974.2
6366,10695510.0
6367,16601806.7
6368,41900466.6
6369,20414343.5
6370,58696016.2
6371,14179893.7
6372,23397796.4
6373,8664757.6
6374,14738631.0
6375,377191630.0
6376,24235362.9
6377,12163091.9
6378,12461801.5
6379,447752982.3
6380,33191729.3
6381,611984420.2
6382,34446384.9
6383,71825013.7
6384,85269152.2
6385,20238769.5
6386,263471738.4
6387,39222281.3
6388,19324419.8
6389,4563898.5
6390,89658687.6
6391,3591525.2
6392,23311262.6
6393,184039414.8
6394,463770200.2
6395,1239389.6
6396,1491298.6
6397,7155539.7
6398,5936632.9
6399,2058865.6
6400,29798656.0
6401,8272219.8
6402,24778579.1
6403,2607066.0
6404,21383564.2
6405,1441256.7
6406,5103617.2
6407,26887165.4
6408,48562862.7
6409,109017534.5
6410,21567684.0
6411,3565182.5
6412,4344771.7
6413,67066369.8
6414,581175742.6
6415,2037723.4
6416,2296014.7
6417,64374162.1
6418,70099938.7
6419,26365064.6
6420,32975827.8
6421,48977904.0
6422,9774200.0
6423,16203581.5
6424,23498038.1
6425,51269218.9
6426,6580648.5
6427,2666231.8
6428,987616.8
6429,56977669.8
6430,152833497.1
6431,178742526.3
6432,145082854.7
6433,104086623.2
6434,75998929.2
6435,104832537.9
6436,85855502.9
6437,4867483.6
6438,32305489.6
6439,17924208.6
6440,99674878.6
6441,14767418.5
6442,8860536.2
6443,100268675.5
6444,2342831.0
6445,443346249.7
6446,332060849.6
6447,28879245.3
6448,9786546.9
6449,6059284.8
6450,7882922.5
6451,19582128.2
6452,133398833.8
6453,48920146.6
6454,69475689.7
6455,17905380.4
6456,16945809.4
6457,149322098.1
6458,19532366.7
6459,55435297.5
6460,94353576.0
6461,77744410.2
6462,162689942.1
6463,324836.3
6464,11151062.4
6465,33696820.1
6466,14916581.8
6467,3554565.3
6468,5127851.6
6469,3704766.3
6470,9693141.0
6471,2663659.2
6472,13891652.7
6473,23417100.1
6474,16259292.8
6475,17604616.4
6476,333559378.1
6477,36448050.7
6478,96834.1
6479,121189841.5
6480,63975039.1
6481,53245244.9
6482,1029198.4
6483,402079.1
6484,210693535.9
6485,83491422.0
6486,1067567.7
6487,79104334.6
6488,58560786.7
6489,69720.0
6490,12900002.0
6491,33280474.6
6492,16427803.5
6493,63384857.7
6494,122697449.8
6495,25891485.8
6496,378872186.1
6497,214876520.2
6498,17730956.4
6499,19438416.2
6500,363148.5
6501,1319296.5
6502,191516427.8
6503,39409452.6
6504,7243157.8
6505,21021835.5
6506,4610633.6
6507,35614235.4
6508,74687194.0
6509,2892745.1
6510,17035622.5
6511,12493633.7
6512,8216234.2
6513,48388484.0
6514,7348929.5
6515,366064709.4
6516,38133239.4
6517,104495394.1
6518,42993160.0
6519,135790746.0
6520,585615.8
6521,267770530.6
6522,187647906.4
6523,16611958.0
6524,31023987.5
6525,149062891.1
6526,224503080.9
6527,598747.3
6528,7556473.1
6529,5322936.1
6530,83745647.5
6531,6052994.0
6532,3007311.5
6533,1453832.0
6534,726938930.1
6535,10597709.7
6536,77921945.9
6537,69366322.1
6538,57606332.8
6539,123420448.3
6540,109372221.9
6541,221258958.0
6542,90384300.4
6543,267840.7
6544,14999996.2
6545,5391835.1
6546,249659371.3
6547,4505335.2
6548,18476956.6
6549,93104290.0
6550,22190971.4
6551,57837165.7
6552,30411208.9
6553,153853.2
6554,23631178.8
6555,4054486.3
6556,57335032.7
6557,26957790.8
6558,73896369.4
6559,73977870.3
6560,267126718.8
6561,18307240.4
6562,58229506.9
6563,9361678.0
6564,9700482.4
6565,28911337.9
6566,76795348.2
6567,3987323.6
6568,22026163.0
6569,7015723.0
6570,99930258.3
6571,10981640.9
6572,8864745.0
6573,15115924.6
6574,42819270.3
6575,22414015.9
6576,38665706.0
6577,11715499.4
6578,21295828.3
6579,17223963.2
6580,1572601.3
6581,63331872.9
6582,1925708.3
6583,3451442.3
6584,1227589.4
6585,77268807.0
6586,37211679.3
6587,41303925.9
6588,1003078.7
6589,65948671.5
6590,140234081.8
6591,22780519.9
6592,102066960.9
6593,188643444.4
6594,39383058.3
6595,3999677.8
6596,195057080.8
6597,7454455.4
6598,22989824.6
6599,14639283.3
6600,3980635.2
6601,56061792.6
6602,468738584.3
6603,40830473.7
6604,22866586.5
6605,142366018.6
6606,6227677.6
6607,60852270.5
6608,102673.5
6609,5296838.6
6610,12963814.2
6611,14634962.3
6612,638107531.0
6613,90789253.4
6614,298821945.1
6615,1708256.0
6616,109754875.4
6617,111727792.8
6618,55661659.1
6619,13647005.0
6620,5792383.3
6621,129606762.4
6622,108341025.7
6623,261612011.4
6624,159027873.8
6625,99314783.7
6626,41272794.4
6627,128383331.3
6628,2026223.5
6629,20393037.1
6630,20596521.6
6631,32502508.4
6632,2574696.3
6633,26307410.0
6634,16535551.0
6635,13644340.5
6636,127729418.9
6637,96149744.8
6638,194326.5
6639,6194254.2
6640,120376168.8
6641,302762369.3
6642,234563915.1
6643,1844969.8
6644,2449462.8
6645,58494582.4
6646,49159303.2
6647,13097001.4
6648,53314425.3
6649,6226272.4
6650,2335405.9
6651,60769673.8
6652,3543649.7
6653,72151536.7
6654,137050096.8
6655,73447843.9
6656,19458983.5
6657,150092932.9
6658,632676.4
6659,5000303.5
6660,4880756.7
6661,1459458.4
6662,38559044.0
6663,432891488.6
6664,15582246.7
6665,1822426.9
6666,15109095.1
6667,92175208.9
6668,23605958.1
6669,39832582.5
6670,8053842.0
6671,29303353.3
6672,19534711.3
6673,120072848.7
6674,326862370.5
6675,142729945.7
6676,3357134.3
6677,13714881.9
6678,10406622.8
6679,416965791.1
6680,24950703.0
6681,781137248.1
6682,26328808.1
6683,52364270.0
6684,2521813.3
6685,19709101.7
6686,13825093.4
6687,170917917.2
6688,32110099.6
6689,33758549.8
6690,406147985.5
6691,239291.0
6692,573264690.2
6693,84448963.2
6694,71092773.6
6695,12630287.5
6696,80507596.0
6697,8224765.7
6698,12946589.2
6699,273332757.4
6700,235874422.3
6701,96469768.2
6702,35690593.5
6703,9912719.9
6704,629571.9
6705,61789244.2
6706,37953000.9
6707,26070773.9
6708,5604310.6
6709,2195200.5
6710,218623585.2
6711,25482658.9
6712,41856359.5
6713,45609725.9
6714,4287717.5
6715,773899.5
6716,36854886.2
6717,333710777.1
6718,7274204.1
6719,46537447.6
6720,8510768.9
6721,107612718.4
6722,9958279.0
6723,102681303.7
6724,8253732.5
6725,1814329.5
6726,92753770.3
6727,4867483.6
6728,27093016.9
6729,7021096.9
6730,62703279.1
6731,2045168.4
6732,12542062.8
6733,75364701.0
6734,17735720.6
6735,42173488.0
6736,2322957.2
6737,20920098.7
6738,655803.6
6739,78044548.4
6740,1829497.8
6741,465706.9
6742,14640554.1
6743,102991980.7
6744,9592451.5
6745,2850066.4
6746,93674865.0
6747,41740572.7
6748,4717535.1
6749,7921584.0
6750,883311.6
6751,21535906.8
6752,231551927.5
6753,10760479.3
6754,33580491.8
6755,11989988.6
6756,137371274.3
6757,57216030.9
6758,11800254.7
6759,102065491.3
6760,17341539.6
6761,18703146.4
6762,1258848.0
6763,52244612.5
6764,2503793.3
6765,189660004.3
6766,1643905.0
6767,38794078.6
6768,148272613.7
6769,13189732.0
6770,45240185.2
6771,4862118.8
6772,9507797.6
6773,45662298.2
6774,314515455.6
6775,253977320.1
6776,2580187.4
6777,62420397.4
6778,79200867.5
6779,12389901.9
6780,52870549.3
6781,1880720.5
6782,98585892.0
6783,44581755.7
6784,452076.8
6785,67476996.9
6786,7186512.4
6787,18517641.5
6788,554317.4
6789,30776580.5
6790,5249048.0
6791,17917387.7
6792,418413455.6
6793,34651961.1
6794,31174021.3
6795,4880756.7
6796,517373137.1
6797,48212984.2
6798,56295674.7
6799,5683142.8
6800,136392037.2
6801,443402637.4
6802,57852093.6
6803,369688885.1
6804,1011213.6
6805,35666996.6
6806,14321285.4
6807,57539625.5
6808,1487965.5
6809,67579008.0
6810,13141555.2
6811,33027294.1
6812,16155334.7
6813,117509408.5
6814,15743237.9
6815,30711433.3
6816,21640765.0
6817,108430.5
6818,113033.1
6819,96288313.1
6820,79723321.9
6821,17156249.2
6822,5304778.5
6823,26507612.9
6824,209643110.5
6825,59067652.3
6826,14351075.1
6827,6051022.9
6828,2299994.7
6829,781279.4
6830,963717.0
6831,67745431.1
6832,39408319.2
6833,87448313.4
6834,4749214.2
6835,123113372.1
6836,40113672.3
6837,107371884.5
6838,10194976.0
6839,5509851.9
6840,43695617.2
6841,34769730.0
6842,15215217.1
6843,6737188.1
6844,99720284.2
6845,12251992.7
6846,98485158.8
6847,7695129.6
6848,8785435.5
6849,45353852.1
6850,88710697.3
6851,220147350.8
6852,11117062.0
6853,9075487.5
6854,63638426.6
6855,91546442.5
6856,2485085.2
6857,31550900.3
6858,3116051.1
6859,151848362.3
6860,15525125.2
6861,17800425.8
6862,80446385.4
6863,275499641.6
6864,17264242.4
6865,2600527.9
6866,230927317.2
6867,25740665.2
6868,1232063699.8
6869,17632591.8
6870,733950.3
6871,40328037.4
6872,4289738.3
6873,32636477.3
6874,25025565.3
6875,23231656.2
6876,58992510.2
6877,29450331.7
6878,2657952.2
6879,17717662.1
6880,3663218.9
6881,4735065.4
6882,51027905.4
6883,58436540.0
6884,70084909.5
6885,52855499.4
6886,684738.5
6887,96339710.3
6888,23240096.1
6889,6994261.9
6890,27181868.7
6891,57039534.1
6892,233372954.0
6893,135151673.0
6894,27643303.9
6895,9081891.9
6896,1224219.7
6897,2025531.4
6898,37846162.2
6899,13974233.3
6900,134451599.4
6901,46781544.6
6902,358075.7
6903,22360708.3
6904,109911551.0
6905,27699118.5
6906,138835611.5
6907,5592354.8
6908,20319587.8
6909,3794008.8
6910,23350210.0
6911,13127116.5
6912,26378514.2
6913,517444542.9
6914,254558952.9
6915,6848274.7
6916,21127629.1
6917,1050142252.6
6918,135131418.0
6919,6964044.8
6920,215865596.2
6921,177253354.4
6922,41624462.0
6923,19495912.0
6924,12183539.3
6925,15798589.0
6926,17625975.8
6927,4843887.1
6928,91472309.2
6929,73379009.2
6930,280780048.5
6931,29070450.8
6932,25741389.9
6933,28762802.3
6934,169852167.2
6935,2555895.1
6936,49636761.8
6937,124556579.2
6938,9579901.5
6939,5698300.5
6940,117154648.0
6941,102147988.2
6942,14523762.0
6943,22630259.3
6944,183096976.1
6945,18133560.0
6946,131512556.5
6947,10349535.6
6948,18794005.3
6949,98729645.2
6950,372034666.2
6951,2591240.7
6952,32474620.6
6953,13385854.1
6954,23947908.1
6955,32588461.5
6956,27216779.9
6957,17347504.8
6958,7464256.9
6959,17427058.8
6960,45253837.3
6961,76255613.6
6962,117718700.4
6963,26384965.5
6964,39013678.3
6965,8983720.8
6966,38827878.4
6967,136736734.2
6968,2236960.6
6969,6102544.7
6970,35428601.1
6971,106586678.9
6972,1849622.6
6973,33436683.4
6974,63625241.8
6975,11716256.0
6976,21710575.4
6977,2902487.2
6978,19070956.3
6979,208342375.4
6980,28044216.6
6981,2644358.5
6982,110096706.6
6983,2134173.2
6984,113528690.2
6985,303091455.9
6986,16117018.1
6987,2434764.4
6988,2490875.3
6989,15570653.2
6990,314934249.9
6991,1324364.0
6992,4118179.2
6993,3141402.7
6994,1396298.7
6995,50680568.4
6996,56022760.3
6997,2575085.5
6998,9269467.7
6999,118924651.7
7000,7109933.5
7001,10130490.5
7002,2182144.4
7003,8459238.6
7004,155670491.5
7005,3931769.7
7006,630387.2
7007,9089768.0
7008,133442947.3
7009,10178545.6
7010,13858040.2
7011,10867424.4
7012,8242031.8
7013,10332196.8
7014,3164941.9
7015,176205142.7
7016,156063650.7
7017,29507590.8
7018,16040250.7
7019,87427453.9
7020,49209282.8
7021,53152925.3
7022,27518453.0
7023,26150424.8
7024,15235040.6
7025,5741457.2
7026,327651582.6
7027,58944295.9
7028,12018294.4
7029,33892698.9
7030,40891444.8
7031,176143794.4
7032,5740732.0
7033,2730912.0
7034,10834308.6
7035,9836603.5
7036,5044967.9
7037,29291049.3
7038,26627053.2
7039,40458077.6
7040,12711146.9
7041,32385876.8
7042,97828270.1
7043,50994875.0
7044,117893400.5
7045,41050970.3
7046,56515858.6
7047,368631429.6
7048,11777984.9
7049,99548571.5
7050,1020652.0
7051,20667097.8
7052,92827037.7
7053,15733063.3
7054,38859434.9
7055,142347877.6
7056,271288928.7
7057,3820543.8
7058,3910118.3
7059,32191903.1
7060,25609937.3
7061,14060009.7
7062,72704223.7
7063,8052754.3
7064,265241209.7
7065,39769824.5
7066,2634968.0
7067,1727456.2
7068,69546205.8
7069,6183925.4
7070,135919521.0
7071,138512718.9
7072,1770491.2
7073,81011388.6
7074,1509924.0
7075,78344530.5
7076,84922547.8
7077,24273597.7
7078,17053761.8
7079,254528.6
7080,8149124.2
7081,37883249.9
7082,4643859.1
7083,2257921.5
7084,23537213.7
7085,45360320.8
7086,13159996.1
7087,233235856.2
7088,107552884.6
7089,9455205.6
7090,7863682.3
7091,8886983.6
7092,531722653.5
7093,45470882.2
7094,87568145.2
7095,8048740.1
7096,96562041.2
7097,74577333.1
7098,58996278.1
7099,116388401.4
7100,55870628.6
7101,59164020.5
7102,2522580.0
7103,9050114.3
7104,18190260.6
7105,67429216.4
7106,27323666.5
7107,98864728.2
7108,16277550.2
7109,17812426.9
7110,16626788.1
7111,2414631.4
7112,102524926.1
7113,122526084.6
7114,17365064.2
7115,44588115.0
7116,2228798.8
7117,2264800.0
7118,31944833.7
7119,9399002.8
7120,639910.4
7121,10581999.8
7122,2381112.0
7123,8917227.3
7124,427058966.9
7125,43696521.4
7126,252230987.2
7127,58074388.9
7128,25553751.1
7129,11466094.0
7130,82422256.9
7131,11087004.6
7132,89264335.7
7133,128497435.3
7134,61223371.4
7135,188371020.4
7136,24816375.8
7137,56064829.9
7138,21375105.4
7139,587448.7
7140,138081049.4
7141,5185225.6
7142,68637799.1
7143,115028861.5
7144,2368035.9
7145,48347615.8
7146,7727951.8
7147,39217165.4
7148,52986668.1
7149,25558821.3
7150,9864339.3
7151,11622688.2
7152,25223571.2
7153,9528300.3
7154,82777832.9
7155,225181586.7
7156,12866266.5
7157,121006783.1
7158,14990348.9
7159,2903235.3
7160,5664985.8
7161,53931644.9
7162,273030968.1
7163,17431636.5
7164,4577258.2
7165,166749343.7
7166,53672738.4
7167,621500.1
7168,1300273.8
7169,1961351.2
7170,7392099.4
7171,32250465.2
7172,18357881.0
7173,17631483.6
7174,7567392.3
7175,9891945.6
7176,27125421.8
7177,134209410.1
7178,49866149.2
7179,142498799.8
7180,130455.0
7181,8007155.9
7182,66366438.5
7183,68157.2
7184,1080152081.5
7185,31413196.2
7186,17628897.6
7187,101909905.0
7188,71460078.7
7189,12125354.8
7190,6718113.6
7191,265674.6
7192,64164866.3
7193,6306821.4
7194,256418378.4
7195,49575067.0
7196,16271106.8
7197,15322912.3
7198,17398829.8
7199,46355803.3
7200,107259704.2
7201,12672845.8
7202,16146007.5
7203,7370275.0
7204,191344347.6
7205,359852616.4
7206,135451363.4
7207,410075508.7
7208,60113094.1
7209,39242566.6
7210,1815388.3
7211,6524486.2
7212,54319921.4
7213,19993262.4
7214,330518362.6
7215,57934833.9
7216,100705220.0
7217,3833399.3
7218,57748431.3
7219,10300245.9
7220,69696581.0
7221,66573280.3
7222,53273474.8
7223,28762802.3
7224,16726862.1
7225,823684.8
7226,43507605.4
7227,105247401.8
7228,21162301.8
7229,46395588.3
7230,13446802.5
7231,29305351.2
7232,263174020.1
7233,97413188.3
7234,325792367.9
7235,37683501.6
7236,68910414.0
7237,35480601.3
7238,9228931.8
7239,524777464.1
7240,91348428.8
7241,113063173.2
7242,49157474.7
7243,22395276.6
7244,55238719.8
7245,1647206.2
7246,1546019.6
7247,59722032.7
7248,86721921.0
7249,5452486.1
7250,6882176.8
7251,26076333.3
7252,24991305.8
7253,10920596.4
7254,110355522.8
7255,2652003.2
7256,6079203.5
7257,122966932.8
7258,6795734.5
7259,13062713.7
7260,7896450.0
7261,511574247.5
7262,2668997.4
7263,48071173.2
7264,17836914.0
7265,12038888.6
7266,69489343.7
7267,5964813.4
7268,21096397.6
7269,50119451.6
7270,191458395.1
7271,11864382.9
7272,9385989.7
7273,10406800.1
7274,59712602.2
7275,15595055.8
7276,1887085.5
7277,187228659.2
7278,281806848.9
7279,97012579.8
7280,190440246.7
7281,55037910.2
7282,56831238.1
7283,195725750.0
7284,27911550.0
7285,140234167.4
7286,110496088.0
7287,13004680.0
7288,28098168.1
7289,89242168.7
7290,43385574.4
7291,63061099.4
7292,1181264.5
7293,21907845.2
7294,15477561.4
7295,139423843.5
7296,1439067.1
7297,97217261.6
7298,3565948.5
7299,2057028.3
7300,2938708.8
7301,83207325.3
7302,6574991.8
7303,1362223.5
7304,34286609.0
7305,22559597.2
7306,497690635.9
7307,1053643.6
7308,1390770.5
7309,31390818.0
7310,11399268.9
7311,24937588.6
7312,118167709.7
7313,250663074.7
7314,17289065.0
7315,36948517.2
7316,13968224.5
7317,30458568.4
7318,126069968.5
7319,26947640.7
7320,294188069.3
7321,1024938.1
7322,20444262.7
7323,24552314.8
7324,86954974.0
7325,298579793.6
7326,246592181.0
7327,45609725.9
7328,61189534.5
7329,186700290.6
7330,246458264.9
7331,78111098.5
7332,32073765.6
7333,73346372.8
7334,27619781.8
7335,51534155.7
7336,82138639.4
7337,22544103.0
7338,49132862.0
7339,75162376.0
7340,3956976.8
7341,514133.7
7342,100026621.1
7343,5057753.7
7344,1236991.7
7345,13416737.6
7346,14835901.4
7347,45052963.9
7348,3335616.3
7349,61374679.1
7350,94153675.6
7351,25739672.7
7352,2171796.0
7353,28351124.4
7354,2259670.8
7355,80691979.2
7356,55910863.9
7357,6614128.7
7358,15098494.9
7359,114253689.9
7360,16775682.8
7361,1966419.3
7362,161576916.7
7363,892948720.8
7364,3871248.0
7365,71786411.8
7366,26008364.9
7367,2466667.7
7368,3011088.4
7369,70629992.8
7370,107566702.5
7371,3037572.7
7372,99088192.2
7373,441101780.2
7374,14882045.6
7375,43744673.8
7376,1129723.5
7377,18794005.3
7378,88586038.3
7379,85469159.5
7380,12037339.5
7381,3914175.1
7382,6275417.4
7383,5119838.7
7384,25651384.5
7385,74130082.5
7386,39219976.7
7387,7676693.3
7388,10786966.1
7389,1653758.3
7390,12059208.1
7391,6457873.9
7392,21363255.3
7393,639783080.6
7394,109620353.8
7395,56598445.9
7396,92268914.2
7397,50665902.3
7398,40458621.7
